address	name	status
08000190	FUN_08000190	ok
080001e2	FUN_080001e2	ok
08000228	FUN_08000228	ok
08000232	FUN_08000232	ok
08000246	FUN_08000246	ok
0800024e	FUN_0800024e	ok
0800026c	Reset_Handler	ok
08000286	IRQ_0_Handler	ok
08000288	FUN_08000288	ok
080002ae	FUN_080002ae	ok
080002d8	FUN_080002d8	ok
08000326	FUN_08000326	ok
08000418	FUN_08000418	ok
08000440	FUN_08000440	ok
0800046c	FUN_0800046c	ok
08000490	FUN_08000490	ok
08000508	FUN_08000508	ok
08000640	FUN_08000640	ok
0800066c	FUN_0800066c	ok
080006aa	FUN_080006aa	ok
08000734	FUN_08000734	ok
08000744	FUN_08000744	ok
08000788	FUN_08000788	ok
080007d8	FUN_080007d8	ok
0800085c	FUN_0800085c	ok
0800086c	FUN_0800086c	ok
08000894	FUN_08000894	ok
080008f2	FUN_080008f2	ok
08000a0e	FUN_08000a0e	ok
08000a34	FUN_08000a34	ok
08000aa4	FUN_08000aa4	ok
08000aac	FUN_08000aac	ok
08000ab4	FUN_08000ab4	ok
08000ac0	FUN_08000ac0	ok
08000cd8	FUN_08000cd8	ok
08000daa	FUN_08000daa	ok
08000e10	FUN_08000e10	ok
08000e1e	FUN_08000e1e	ok
08000e68	FUN_08000e68	ok
08000eb0	FUN_08000eb0	ok
08000ec4	FUN_08000ec4	ok
08000f30	FUN_08000f30	ok
08000f76	FUN_08000f76	ok
08000fb8	FUN_08000fb8	ok
08001058	FUN_08001058	ok
080010a8	FUN_080010a8	ok
080010f4	FUN_080010f4	ok
08001110	FUN_08001110	ok
08001120	FUN_08001120	ok
08001170	FUN_08001170	ok
08001268	FUN_08001268	ok
0800129c	FUN_0800129c	ok
080012d0	FUN_080012d0	ok
080013a0	BusFault_Handler	ok
080013a4	IRQ_11_Handler	ok
080013b0	IRQ_12_Handler	ok
080013bc	IRQ_14_Handler	ok
080013c8	IRQ_15_Handler	ok
080013d4	IRQ_16_Handler	ok
080013e0	IRQ_17_Handler	ok
080013ec	DebugMon_Handler	ok
080013f0	IRQ_40_Handler	ok
08001414	FUN_08001414	ok
0800141c	FUN_0800141c	ok
08001560	FUN_08001560	ok
080016b8	FUN_080016b8	ok
0800176c	FUN_0800176c	ok
08001908	FUN_08001908	ok
08001938	FUN_08001938	ok
08001968	FUN_08001968	ok
080019e8	FUN_080019e8	ok
08001a08	FUN_08001a08	ok
08001bbc	FUN_08001bbc	ok
08001d10	FUN_08001d10	ok
08001db0	FUN_08001db0	ok
08001dd8	FUN_08001dd8	ok
08001f78	FUN_08001f78	ok
08001f84	FUN_08001f84	ok
08001f90	FUN_08001f90	ok
08001f9c	FUN_08001f9c	ok
08001fa4	FUN_08001fa4	ok
08001fac	FUN_08001fac	ok
08001fb4	FUN_08001fb4	ok
08001fcc	FUN_08001fcc	ok
08001fd8	FUN_08001fd8	ok
08001ff4	FUN_08001ff4	ok
08002098	FUN_08002098	ok
080020a0	FUN_080020a0	ok
08002a9c	FUN_08002a9c	ok
08002aa4	FUN_08002aa4	ok
08002b28	FUN_08002b28	ok
08002ba0	FUN_08002ba0	ok
08002ba8	FUN_08002ba8	ok
08002bb0	FUN_08002bb0	ok
08002bb8	FUN_08002bb8	ok
08002bc0	FUN_08002bc0	ok
08002bcc	FUN_08002bcc	ok
08002bf0	FUN_08002bf0	ok
08002c18	FUN_08002c18	ok
08002c20	FUN_08002c20	ok
08002c74	FUN_08002c74	ok
08002c9c	FUN_08002c9c	ok
08002cd4	FUN_08002cd4	ok
08002d88	FUN_08002d88	ok
08002dcc	FUN_08002dcc	ok
08002dec	FUN_08002dec	ok
08002e44	FUN_08002e44	ok
08002e64	FUN_08002e64	ok
08002e68	FUN_08002e68	ok
08002e70	FUN_08002e70	ok
08002fcc	FUN_08002fcc	ok
08002fd8	FUN_08002fd8	ok
08003018	FUN_08003018	ok
08003040	FUN_08003040	ok
08003068	FUN_08003068	ok
080030b0	FUN_080030b0	ok
080030cc	FUN_080030cc	ok
080030d4	FUN_080030d4	ok
08003480	FUN_08003480	ok
08003594	FUN_08003594	ok
080036a4	FUN_080036a4	ok
080036ec	FUN_080036ec	ok
080037a0	FUN_080037a0	ok
080037a8	FUN_080037a8	ok
08003884	FUN_08003884	ok
080039d4	FUN_080039d4	ok
08003a7c	FUN_08003a7c	ok
08003c14	FUN_08003c14	ok
08003c1c	FUN_08003c1c	ok
08003d4c	FUN_08003d4c	ok
08003ed0	FUN_08003ed0	ok
080040dc	FUN_080040dc	ok
080041fc	FUN_080041fc	ok
080043b0	FUN_080043b0	ok
080043b8	FUN_080043b8	ok
08004494	FUN_08004494	ok
08004498	FUN_08004498	ok
080046b4	FUN_080046b4	ok
080046bc	FUN_080046bc	ok
0800479c	FUN_0800479c	ok
080048b8	FUN_080048b8	ok
08004980	FUN_08004980	ok
080049a4	FUN_080049a4	ok
08004b64	FUN_08004b64	ok
08005244	FUN_08005244	ok
0800524c	FUN_0800524c	ok
08005304	FUN_08005304	ok
08005678	FUN_08005678	ok
08005700	FUN_08005700	ok
08005748	FUN_08005748	ok
08005808	HardFault_Handler	ok
08005870	FUN_08005870	ok
080058b8	FUN_080058b8	ok
08005918	FUN_08005918	ok
080059a8	FUN_080059a8	ok
08005a08	FUN_08005a08	ok
08005a98	FUN_08005a98	ok
08005b58	FUN_08005b58	ok
08005c10	FUN_08005c10	ok
08005ca0	FUN_08005ca0	ok
08005d30	FUN_08005d30	ok
08005dd4	FUN_08005dd4	ok
08005e60	FUN_08005e60	ok
08005e88	FUN_08005e88	ok
08005ec0	FUN_08005ec0	ok
08006108	FUN_08006108	ok
0800635c	FUN_0800635c	ok
08006388	FUN_08006388	ok
080063d0	FUN_080063d0	ok
0800645c	FUN_0800645c	ok
080064e8	FUN_080064e8	ok
08006590	FUN_08006590	ok
08006614	FUN_08006614	ok
08006770	FUN_08006770	ok
080067d8	FUN_080067d8	ok
08006844	FUN_08006844	ok
080068b0	FUN_080068b0	ok
0800691c	FUN_0800691c	ok
08006970	FUN_08006970	ok
08006a3c	FUN_08006a3c	ok
08006a84	FUN_08006a84	ok
08006ac0	FUN_08006ac0	ok
08006afc	FUN_08006afc	ok
08006b3c	FUN_08006b3c	ok
08006b78	FUN_08006b78	ok
08006bd0	MemManage_Handler	ok
08006bd4	NMI_Handler	ok
08006bdc	IRQ_77_Handler	ok
08006bf0	PendSV_Handler	ok
08006c54	FUN_08006c54	ok
08006ccc	FUN_08006ccc	ok
08006d68	FUN_08006d68	ok
08006eb0	SVC_Handler	ok
08006ee0	SysTick_Handler	ok
08006f00	FUN_08006f00	ok
08006fb4	FUN_08006fb4	ok
08006fd0	IRQ_28_Handler	ok
08007010	IRQ_29_Handler	ok
08007050	IRQ_30_Handler	ok
08007090	IRQ_50_Handler	ok
080070d0	IRQ_55_Handler	ok
08007190	IRQ_43_Handler	ok
080071dc	IRQ_45_Handler	ok
080071e8	IRQ_44_Handler	ok
0800725c	FUN_0800725c	ok
080073a0	FUN_080073a0	ok
080073b8	IRQ_53_Handler	ok
08007774	FUN_08007774	ok
08007870	FUN_08007870	ok
08007958	IRQ_38_Handler	ok
08007964	IRQ_39_Handler	ok
08007974	IRQ_71_Handler	ok
08007b6c	FUN_08007b6c	ok
08007c40	FUN_08007c40	ok
08007c4c	FUN_08007c4c	ok
08007c68	FUN_08007c68	ok
08007c90	FUN_08007c90	ok
08007ed4	FUN_08007ed4	ok
08007f08	FUN_08007f08	ok
08007f2c	thunk_FUN_08001db0	ok
08007f30	FUN_08007f30	ok
0800802c	FUN_0800802c	ok
08008044	FUN_08008044	ok
08008080	FUN_08008080	ok
0800808c	FUN_0800808c	ok
08008096	FUN_08008096	ok
0800832c	FUN_0800832c	ok
08008336	FUN_08008336	ok
080083e8	FUN_080083e8	ok
080084a4	FUN_080084a4	ok
08008574	FUN_08008574	ok
080085b4	FUN_080085b4	ok
080085c0	FUN_080085c0	ok
08008630	FUN_08008630	ok
08008718	FUN_08008718	ok
08008744	FUN_08008744	ok
080087b0	FUN_080087b0	ok
080087ba	FUN_080087ba	ok
080087d8	FUN_080087d8	ok
08008800	FUN_08008800	ok
08008850	FUN_08008850	ok
08008a24	FUN_08008a24	ok
08008bb0	FUN_08008bb0	ok
08008bc8	FUN_08008bc8	ok
08008be4	FUN_08008be4	ok
08008ca8	FUN_08008ca8	ok
08008cd0	FUN_08008cd0	ok
08008d60	FUN_08008d60	ok
08008d6c	FUN_08008d6c	ok
08008d74	FUN_08008d74	ok
08008d88	FUN_08008d88	ok
08008db0	FUN_08008db0	ok
08008e3c	FUN_08008e3c	ok
08008e98	FUN_08008e98	ok
08008eb8	FUN_08008eb8	ok
08008ec0	FUN_08008ec0	ok
08008edc	FUN_08008edc	ok
08008efc	FUN_08008efc	ok
08008f1c	FUN_08008f1c	ok
08008f50	FUN_08008f50	ok
08008f6c	FUN_08008f6c	ok
08009444	FUN_08009444	ok
08009460	FUN_08009460	ok
08009474	FUN_08009474	ok
08009490	FUN_08009490	ok
080094ac	FUN_080094ac	ok
080094c8	FUN_080094c8	ok
08009518	FUN_08009518	ok
0800972c	FUN_0800972c	ok
0800973c	FUN_0800973c	ok
08009788	FUN_08009788	ok
08009798	FUN_08009798	ok
08009858	FUN_08009858	ok
08009920	FUN_08009920	ok
08009938	FUN_08009938	ok
08009940	FUN_08009940	ok
08009ac4	FUN_08009ac4	ok
08009bec	FUN_08009bec	ok
08009bf4	FUN_08009bf4	ok
08009eec	FUN_08009eec	ok
0800a1cc	FUN_0800a1cc	ok
0800a20c	FUN_0800a20c	ok
0800a21c	FUN_0800a21c	ok
0800a224	FUN_0800a224	ok
0800a310	FUN_0800a310	ok
0800a678	FUN_0800a678	ok
0800afb0	UsageFault_Handler	ok
0800afd4	FUN_0800afd4	ok
0800b27c	FUN_0800b27c	ok
0800b514	FUN_0800b514	ok
0800b61c	FUN_0800b61c	ok
0800b630	FUN_0800b630	ok
0800b634	FUN_0800b634	ok
0800b638	FUN_0800b638	ok
0800b648	FUN_0800b648	ok
0800b6a8	FUN_0800b6a8	ok
0800b6b0	FUN_0800b6b0	ok
0800b6f4	thunk_FUN_0800fd6c	ok
0800ba30	FUN_0800ba30	ok
0800bad8	FUN_0800bad8	ok
0800bce0	FUN_0800bce0	ok
0800bd00	FUN_0800bd00	ok
0800bdb8	FUN_0800bdb8	ok
0800be78	FUN_0800be78	ok
0800befc	FUN_0800befc	ok
0800bfe0	FUN_0800bfe0	ok
0800c358	FUN_0800c358	ok
0800c370	FUN_0800c370	ok
0800c434	FUN_0800c434	ok
0800c4d0	FUN_0800c4d0	ok
0800c4f0	FUN_0800c4f0	ok
0800c6f0	FUN_0800c6f0	ok
0800c7cc	FUN_0800c7cc	ok
0800c808	FUN_0800c808	ok
0800c844	FUN_0800c844	ok
0800c850	FUN_0800c850	ok
0800c860	FUN_0800c860	ok
0800c874	FUN_0800c874	ok
0800c8d4	FUN_0800c8d4	ok
0800c90c	FUN_0800c90c	ok
0800c914	FUN_0800c914	ok
0800ca00	FUN_0800ca00	ok
0800ca08	FUN_0800ca08	ok
0800cafc	FUN_0800cafc	ok
0800cb9c	FUN_0800cb9c	ok
0800cc9c	FUN_0800cc9c	ok
0800d310	FUN_0800d310	ok
0800d330	FUN_0800d330	ok
0800d358	FUN_0800d358	ok
0800d368	FUN_0800d368	ok
0800d390	FUN_0800d390	ok
0800d3cc	FUN_0800d3cc	ok
0800d45c	FUN_0800d45c	ok
0800d4f0	FUN_0800d4f0	ok
0800d580	FUN_0800d580	ok
0800d59c	FUN_0800d59c	ok
0800d5c8	FUN_0800d5c8	ok
0800d63c	FUN_0800d63c	ok
0800d684	FUN_0800d684	ok
0800d6f0	FUN_0800d6f0	ok
0800d7a8	FUN_0800d7a8	ok
0800d80c	FUN_0800d80c	ok
0800d8a0	FUN_0800d8a0	ok
0800d946	FUN_0800d946	ok
0800d968	FUN_0800d968	ok
0800d990	FUN_0800d990	ok
0800daac	FUN_0800daac	ok
0800ddac	FUN_0800ddac	ok
0800e274	FUN_0800e274	ok
0800e3a4	FUN_0800e3a4	ok
0800e3f8	FUN_0800e3f8	ok
0800e710	FUN_0800e710	ok
0800e814	FUN_0800e814	ok
0800e8c4	FUN_0800e8c4	ok
0800eca8	FUN_0800eca8	ok
0800ed1c	FUN_0800ed1c	ok
0800ee94	FUN_0800ee94	ok
0800f07c	FUN_0800f07c	ok
0800f094	FUN_0800f094	ok
0800f104	FUN_0800f104	ok
0800f2a0	FUN_0800f2a0	ok
0800f2c4	FUN_0800f2c4	ok
0800f420	FUN_0800f420	ok
0800f6bc	FUN_0800f6bc	ok
0800f6f8	FUN_0800f6f8	ok
0800f750	FUN_0800f750	ok
0800f7a0	FUN_0800f7a0	ok
0800f7f0	FUN_0800f7f0	ok
0800f840	FUN_0800f840	ok
0800f890	FUN_0800f890	ok
0800f8e0	FUN_0800f8e0	ok
0800f930	FUN_0800f930	ok
0800f980	FUN_0800f980	ok
0800f9d8	FUN_0800f9d8	ok
0800fa10	FUN_0800fa10	ok
0800fa88	FUN_0800fa88	ok
0800fac4	FUN_0800fac4	ok
0800fb00	FUN_0800fb00	ok
0800fb64	FUN_0800fb64	ok
0800fba8	FUN_0800fba8	ok
0800fc20	FUN_0800fc20	ok
0800fc58	FUN_0800fc58	ok
0800fd3c	FUN_0800fd3c	ok
0800fd54	FUN_0800fd54	ok
0800fd6c	FUN_0800fd6c	ok
0800fd70	FUN_0800fd70	ok
0800fd88	FUN_0800fd88	ok
0800fe94	FUN_0800fe94	ok
0800fea4	FUN_0800fea4	ok
0800ff10	FUN_0800ff10	ok
0800ff24	FUN_0800ff24	ok
08010010	FUN_08010010	ok
08010018	FUN_08010018	ok
08010020	FUN_08010020	ok
0801002c	FUN_0801002c	ok
0801007c	FUN_0801007c	ok
080100c0	FUN_080100c0	ok
080100e4	FUN_080100e4	ok
08010108	FUN_08010108	ok
08010128	FUN_08010128	ok
0801013c	FUN_0801013c	ok
08010230	FUN_08010230	ok
08010754	FUN_08010754	ok
08010820	FUN_08010820	ok
08010828	FUN_08010828	ok
08010878	FUN_08010878	ok
08010afc	FUN_08010afc	ok
08010b0c	FUN_08010b0c	ok
08010b64	FUN_08010b64	ok
08010ba4	FUN_08010ba4	ok
08010c28	FUN_08010c28	ok
08010c50	FUN_08010c50	ok
08010c68	FUN_08010c68	ok
08010c74	FUN_08010c74	ok
08010cc4	FUN_08010cc4	ok
08010cd0	FUN_08010cd0	ok
08010ce8	FUN_08010ce8	ok
08010cf4	FUN_08010cf4	ok
08010dfc	FUN_08010dfc	ok
08010e08	FUN_08010e08	ok
08010e14	FUN_08010e14	ok
08010e20	FUN_08010e20	ok
08010e2c	FUN_08010e2c	ok
08010ea8	FUN_08010ea8	ok
08011014	FUN_08011014	ok
08011078	FUN_08011078	ok
08011084	FUN_08011084	ok
08011204	FUN_08011204	ok
0801120c	FUN_0801120c	ok
0801123c	FUN_0801123c	ok
08011244	FUN_08011244	ok
08011268	FUN_08011268	ok
08011284	FUN_08011284	ok
080112a0	FUN_080112a0	ok
080112a4	FUN_080112a4	ok
080112ac	FUN_080112ac	ok
080112c4	FUN_080112c4	ok
080112cc	FUN_080112cc	ok
08011330	FUN_08011330	ok
0801134c	FUN_0801134c	ok
08011360	FUN_08011360	ok
080113a8	FUN_080113a8	ok
080113d8	FUN_080113d8	ok
080114b8	FUN_080114b8	ok
080114ec	FUN_080114ec	ok
0801154c	FUN_0801154c	ok
080115a4	FUN_080115a4	ok
08011624	FUN_08011624	ok
08011678	FUN_08011678	ok
080116f8	FUN_080116f8	ok
0801170c	FUN_0801170c	ok
0801171c	FUN_0801171c	ok
08011790	FUN_08011790	ok
0801180c	FUN_0801180c	ok
080118b0	FUN_080118b0	ok
080119a0	FUN_080119a0	ok
080119b0	FUN_080119b0	ok
08011aa0	FUN_08011aa0	ok
08011af0	FUN_08011af0	ok
08011ca8	FUN_08011ca8	ok
08011cd8	FUN_08011cd8	ok
08011d40	FUN_08011d40	ok
08011e04	FUN_08011e04	ok
08011e74	FUN_08011e74	ok
08011f18	FUN_08011f18	ok
08011f9c	FUN_08011f9c	ok
08012078	FUN_08012078	ok
08012338	FUN_08012338	ok
08012480	FUN_08012480	ok
0801253c	FUN_0801253c	ok
08012580	FUN_08012580	ok
080127c0	FUN_080127c0	ok
08012894	FUN_08012894	ok
08012b20	FUN_08012b20	ok
08012b68	FUN_08012b68	ok
08012c04	FUN_08012c04	ok
08012c64	FUN_08012c64	ok
08012cdc	FUN_08012cdc	ok
08012ce8	FUN_08012ce8	ok
08012d08	FUN_08012d08	ok
08012d28	FUN_08012d28	ok
08012e3c	FUN_08012e3c	ok
08012ecc	FUN_08012ecc	ok
08012ed4	FUN_08012ed4	ok
08012f5c	FUN_08012f5c	ok
08012fd0	FUN_08012fd0	ok
080130c0	FUN_080130c0	ok
080130fc	FUN_080130fc	ok
08013150	FUN_08013150	ok
08013204	FUN_08013204	ok
0801327a	FUN_0801327a	ok
08013288	FUN_08013288	ok
080132a4	FUN_080132a4	ok
