index	vector_address	value	name	status
0	0x08000000	0x2001FCC8	Initial_SP	stack_pointer
1	0x08000004	0x0800026D	Reset_Handler	thumb_code_candidate
2	0x08000008	0x08006BD5	NMI_Handler	thumb_code_candidate
3	0x0800000C	0x08005809	HardFault_Handler	thumb_code_candidate
4	0x08000010	0x08006BD1	MemManage_Handler	thumb_code_candidate
5	0x08000014	0x080013A1	BusFault_Handler	thumb_code_candidate
6	0x08000018	0x0800AFB1	UsageFault_Handler	thumb_code_candidate
7	0x0800001C	0x00000000	Reserved	null
8	0x08000020	0x00000000	Reserved	null
9	0x08000024	0x00000000	Reserved	null
10	0x08000028	0x00000000	Reserved	null
11	0x0800002C	0x08006EB1	SVC_Handler	thumb_code_candidate
12	0x08000030	0x080013ED	DebugMon_Handler	thumb_code_candidate
13	0x08000034	0x00000000	Reserved	null
14	0x08000038	0x08006BF1	PendSV_Handler	thumb_code_candidate
15	0x0800003C	0x08006EE1	SysTick_Handler	thumb_code_candidate
16	0x08000040	0x08000287	IRQ_0_Handler	thumb_code_candidate
17	0x08000044	0x08000287	IRQ_1_Handler	thumb_code_candidate
18	0x08000048	0x08000287	IRQ_2_Handler	thumb_code_candidate
19	0x0800004C	0x08000287	IRQ_3_Handler	thumb_code_candidate
20	0x08000050	0x08000287	IRQ_4_Handler	thumb_code_candidate
21	0x08000054	0x08000287	IRQ_5_Handler	thumb_code_candidate
22	0x08000058	0x08000287	IRQ_6_Handler	thumb_code_candidate
23	0x0800005C	0x08000287	IRQ_7_Handler	thumb_code_candidate
24	0x08000060	0x08000287	IRQ_8_Handler	thumb_code_candidate
25	0x08000064	0x08000287	IRQ_9_Handler	thumb_code_candidate
26	0x08000068	0x08000287	IRQ_10_Handler	thumb_code_candidate
27	0x0800006C	0x080013A5	IRQ_11_Handler	thumb_code_candidate
28	0x08000070	0x080013B1	IRQ_12_Handler	thumb_code_candidate
29	0x08000074	0x08000287	IRQ_13_Handler	thumb_code_candidate
30	0x08000078	0x080013BD	IRQ_14_Handler	thumb_code_candidate
31	0x0800007C	0x080013C9	IRQ_15_Handler	thumb_code_candidate
32	0x08000080	0x080013D5	IRQ_16_Handler	thumb_code_candidate
33	0x08000084	0x080013E1	IRQ_17_Handler	thumb_code_candidate
34	0x08000088	0x08000287	IRQ_18_Handler	thumb_code_candidate
35	0x0800008C	0x08000287	IRQ_19_Handler	thumb_code_candidate
36	0x08000090	0x08000287	IRQ_20_Handler	thumb_code_candidate
37	0x08000094	0x08000287	IRQ_21_Handler	thumb_code_candidate
38	0x08000098	0x08000287	IRQ_22_Handler	thumb_code_candidate
39	0x0800009C	0x08000287	IRQ_23_Handler	thumb_code_candidate
40	0x080000A0	0x08000287	IRQ_24_Handler	thumb_code_candidate
41	0x080000A4	0x08000287	IRQ_25_Handler	thumb_code_candidate
42	0x080000A8	0x08000287	IRQ_26_Handler	thumb_code_candidate
43	0x080000AC	0x08000287	IRQ_27_Handler	thumb_code_candidate
44	0x080000B0	0x08006FD1	IRQ_28_Handler	thumb_code_candidate
45	0x080000B4	0x08007011	IRQ_29_Handler	thumb_code_candidate
46	0x080000B8	0x08007051	IRQ_30_Handler	thumb_code_candidate
47	0x080000BC	0x08000287	IRQ_31_Handler	thumb_code_candidate
48	0x080000C0	0x08000287	IRQ_32_Handler	thumb_code_candidate
49	0x080000C4	0x08000287	IRQ_33_Handler	thumb_code_candidate
50	0x080000C8	0x08000287	IRQ_34_Handler	thumb_code_candidate
51	0x080000CC	0x08000287	IRQ_35_Handler	thumb_code_candidate
52	0x080000D0	0x08000287	IRQ_36_Handler	thumb_code_candidate
53	0x080000D4	0x08000287	IRQ_37_Handler	thumb_code_candidate
54	0x080000D8	0x08007959	IRQ_38_Handler	thumb_code_candidate
55	0x080000DC	0x08007965	IRQ_39_Handler	thumb_code_candidate
56	0x080000E0	0x080013F1	IRQ_40_Handler	thumb_code_candidate
57	0x080000E4	0x08000287	IRQ_41_Handler	thumb_code_candidate
58	0x080000E8	0x08000287	IRQ_42_Handler	thumb_code_candidate
59	0x080000EC	0x08007191	IRQ_43_Handler	thumb_code_candidate
60	0x080000F0	0x080071E9	IRQ_44_Handler	thumb_code_candidate
61	0x080000F4	0x080071DD	IRQ_45_Handler	thumb_code_candidate
62	0x080000F8	0x08000287	IRQ_46_Handler	thumb_code_candidate
63	0x080000FC	0x08000287	IRQ_47_Handler	thumb_code_candidate
64	0x08000100	0x08000287	IRQ_48_Handler	thumb_code_candidate
65	0x08000104	0x08000287	IRQ_49_Handler	thumb_code_candidate
66	0x08000108	0x08007091	IRQ_50_Handler	thumb_code_candidate
67	0x0800010C	0x08000287	IRQ_51_Handler	thumb_code_candidate
68	0x08000110	0x08000287	IRQ_52_Handler	thumb_code_candidate
69	0x08000114	0x080073B9	IRQ_53_Handler	thumb_code_candidate
70	0x08000118	0x08000287	IRQ_54_Handler	thumb_code_candidate
71	0x0800011C	0x080070D1	IRQ_55_Handler	thumb_code_candidate
72	0x08000120	0x08000287	IRQ_56_Handler	thumb_code_candidate
73	0x08000124	0x08000287	IRQ_57_Handler	thumb_code_candidate
74	0x08000128	0x08000287	IRQ_58_Handler	thumb_code_candidate
75	0x0800012C	0x08000287	IRQ_59_Handler	thumb_code_candidate
76	0x08000130	0x08000287	IRQ_60_Handler	thumb_code_candidate
77	0x08000134	0x08000287	IRQ_61_Handler	thumb_code_candidate
78	0x08000138	0x08000287	IRQ_62_Handler	thumb_code_candidate
79	0x0800013C	0x08000287	IRQ_63_Handler	thumb_code_candidate
80	0x08000140	0x08000287	IRQ_64_Handler	thumb_code_candidate
81	0x08000144	0x08000287	IRQ_65_Handler	thumb_code_candidate
82	0x08000148	0x08000287	IRQ_66_Handler	thumb_code_candidate
83	0x0800014C	0x08000287	IRQ_67_Handler	thumb_code_candidate
84	0x08000150	0x08000287	IRQ_68_Handler	thumb_code_candidate
85	0x08000154	0x08000287	IRQ_69_Handler	thumb_code_candidate
86	0x08000158	0x08000287	IRQ_70_Handler	thumb_code_candidate
87	0x0800015C	0x08007975	IRQ_71_Handler	thumb_code_candidate
88	0x08000160	0x08000287	IRQ_72_Handler	thumb_code_candidate
89	0x08000164	0x08000287	IRQ_73_Handler	thumb_code_candidate
90	0x08000168	0x08000287	IRQ_74_Handler	thumb_code_candidate
91	0x0800016C	0x08000287	IRQ_75_Handler	thumb_code_candidate
92	0x08000170	0x08000287	IRQ_76_Handler	thumb_code_candidate
93	0x08000174	0x08006BDD	IRQ_77_Handler	thumb_code_candidate
94	0x08000178	0x08000287	IRQ_78_Handler	thumb_code_candidate
95	0x0800017C	0x00000000	IRQ_79_Handler	null
96	0x08000180	0x08000287	IRQ_80_Handler	thumb_code_candidate
97	0x08000184	0x08000287	IRQ_81_Handler	thumb_code_candidate
