trial_id,motion,target,speed,duration_s,command,encoder,ekf,encoder_cross,ekf_yaw_deg,measured
151821,fwd,1.0,0.1,10.0,100.0,101.0,101.0,-0.3,-0.5,101.0
152016,fwd,1.0,0.1,10.0,100.0,100.8,100.8,-0.1,0.3,100.0
152134,fwd,1.0,0.1,10.0,100.0,101.1,101.1,0.2,1.3,100.7
152514,fwd,1.0,0.1,10.0,100.0,101.0,101.0,-0.4,0.4,101.4
152700,fwd,1.0,0.1,10.0,100.0,100.7,100.7,1.0,0.5,100.3
152927,left,1.0,0.1,10.0,100.0,100.6,100.6,1.0,-0.2,101.1
153133,left,1.0,0.1,10.0,100.0,100.2,100.2,0.3,0.2,100.9
153529,left,1.0,0.1,10.0,100.0,100.8,100.8,0.4,0.3,101.1
153700,left,1.0,0.1,10.0,100.0,100.7,100.7,-0.1,-0.1,101.0
153836,left,1.0,0.1,10.0,100.0,100.8,100.8,-0.8,-0.3,
154014,left,1.0,0.1,10.0,100.0,100.7,100.7,0.4,0.5,101.3
154300,ccw,360.0,0.3,20.94,360.0,359.2,367.6,0.2,7.6,366.5
155102,ccw,360.0,0.3,20.94,360.0,358.0,366.4,0.4,6.4,366.5
155619,ccw,360.0,0.3,20.94,360.0,359.5,366.6,0.2,6.6,366.0
160041,ccw,360.0,0.3,20.94,360.0,358.3,366.2,0.2,6.2,365.7
160532,ccw,360.0,0.3,20.94,360.0,358.5,366.2,0.2,6.2,365.8
162304,ccw,360.0,0.3,20.94,360.0,359.9,360.2,0.2,0.2,360.0
162537,ccw,360.0,0.3,20.94,360.0,359.9,360.3,0.1,0.3,360.0
162628,ccw,360.0,0.3,20.94,360.0,359.3,360.0,0.3,0.0,359.0
191010,ccw,360.0,0.3,20.94,360.0,358.6,381.9,0.2,21.9,
191957,ccw,360.0,0.3,20.94,360.0,359.1,359.6,0.3,-0.4,359.1
192308,ccw,360.0,0.3,20.94,360.0,359.3,359.4,0.4,-0.6,360.0
